Workbook

Sheet Juan's Resort
A1: DAE-1B (Manual)
A3: Region: Region IV-A
A4: Juan's Resort
A5: JUNE, 2026
A7: REPORT ON THE REGIONAL DISTRIBUTION OF TRAVELERS
A9: Type of Accommodation
A10: Hotel
A11: Resort | B11: ✔
A12: Pension Inn/ Lodge
A13: Youth Hostel/ Dormitory
A14: Apartel/ Rented Homes/ Apartment
A15: Others, please specify: _________________________
A17: DOT Accreditation Classification: _____________________________
A19: AE ID Code (LGU Assigned): _________________________________________
A20: AE ID Code (LGU Assigned): ____________________________________________
A22: City/Municipality: San Pablo City
A23: Province: Laguna
A25: COUNTRY OF RESIDENCE | B25: 1 | C25: 2 | D25: 3 | E25: 4 | F25: 5 | G25: 6 | H25: 7 | I25: 8 | J25: 9 | K25: 10 | L25: 11 | M25: 12 | N25: 13 | O25: 14 | P25: 15 | Q25: 16 | R25: 17 | S25: 18 | T25: 19 | U25: 20 | V25: 21 | W25: 22 | X25: 23 | Y25: 24 | Z25: 25 | AA25: 26 | AB25: 27 | AC25: 28 | AD25: 29 | AE25: 30 | AF25: 31 | AG25: TOTAL
A27: PHILIPPINE RESIDENTS
A28: FILIPINO NATIONALITY | M28: 2 | N28: 1 | AG28: =SUM(B28:AF28)
A29: FOREIGN NATIONALITY | AG29: =SUM(B29:AF29)
A30: TOTAL PHILIPPINE RESIDENTS | B30: =SUM(B28:B29) | C30: =SUM(C28:C29) | D30: =SUM(D28:D29) | E30: =SUM(E28:E29) | F30: =SUM(F28:F29) | G30: =SUM(G28:G29) | H30: =SUM(H28:H29) | I30: =SUM(I28:I29) | ... AF30: =SUM(AF28:AF29) | AG30: =SUM(B30:AF30)
A32: NON-PHILIPPINE RESIDENTS
A34: ASIA
A35: ASEAN
A36: BRUNEI | AG36: =SUM(B36:AF36)
A37: CAMBODIA | AG37: =SUM(B37:AF37)
A38: INDONESIA | AG38: =SUM(B38:AF38)
A39: LAOS | AG39: =SUM(B39:AF39)
A40: MALAYSIA | AG40: =SUM(B40:AF40)
A41: MYANMAR | AG41: =SUM(B41:AF41)
A42: SINGAPORE | AG42: =SUM(B42:AF42)
A43: THAILAND | AG43: =SUM(B43:AF43)
A44: VIETNAM | AG44: =SUM(B44:AF44)
A45: SUB-TOTAL | B45: =SUM(B36:B44) | C45: =SUM(C36:C44) | D45: =SUM(D36:D44) | E45: =SUM(E36:E44) | F45: =SUM(F36:F44) | G45: =SUM(G36:G44) | H45: =SUM(H36:H44) | I45: =SUM(I36:I44) | ... AF45: =SUM(AF36:AF44) | AG45: =SUM(B45:AF45)
A47: EAST ASIA
A48: CHINA | AG48: =SUM(B48:AF48)
A49: HONGKONG | AG49: =SUM(B49:AF49)
A50: JAPAN | AG50: =SUM(B50:AF50)
A51: KOREA | AG51: =SUM(B51:AF51)
A52: TAIWAN | AG52: =SUM(B52:AF52)
A53: SUB-TOTAL | B53: =SUM(B48:B52) | C53: =SUM(C48:C52) | D53: =SUM(D48:D52) | E53: =SUM(E48:E52) | F53: =SUM(F48:F52) | G53: =SUM(G48:G52) | H53: =SUM(H48:H52) | I53: =SUM(I48:I52) | ... AF53: =SUM(AF48:AF52) | AG53: =SUM(B53:AF53)
A55: SOUTH ASIA
A56: BANGLADESH | AG56: =SUM(B56:AF56)
A57: INDIA | AG57: =SUM(B57:AF57)
A58: IRAN | AG58: =SUM(B58:AF58)
A59: NEPAL | AG59: =SUM(B59:AF59)
A60: PAKISTAN | AG60: =SUM(B60:AF60)
A61: SRI LANKA | AG61: =SUM(B61:AF61)
A62: SUB-TOTAL | B62: =SUM(B56:B61) | C62: =SUM(C56:C61) | D62: =SUM(D56:D61) | E62: =SUM(E56:E61) | F62: =SUM(F56:F61) | G62: =SUM(G56:G61) | H62: =SUM(H56:H61) | I62: =SUM(I56:I61) | ... AF62: =SUM(AF56:AF61) | AG62: =SUM(B62:AF62)
A64: COUNTRY OF RESIDENCE | B64: 1 | C64: 2 | D64: 3 | E64: 4 | F64: 5 | G64: 6 | H64: 7 | I64: 8 | J64: 9 | K64: 10 | L64: 11 | M64: 12 | N64: 13 | O64: 14 | P64: 15 | Q64: 16 | R64: 17 | S64: 18 | T64: 19 | U64: 20 | V64: 21 | W64: 22 | X64: 23 | Y64: 24 | Z64: 25 | AA64: 26 | AB64: 27 | AC64: 28 | AD64: 29 | AE64: 30 | AF64: 31 | AG64: TOTAL
A65: MIDDLE EAST
A66: BAHRAIN | AG66: =SUM(B66:AF66)
A67: EGYPT | AG67: =SUM(B67:AF67)
A68: ISRAEL | AG68: =SUM(B68:AF68)
A69: JORDAN | AG69: =SUM(B69:AF69)
A70: KUWAIT | AG70: =SUM(B70:AF70)
A71: SAUDI ARABIA | AG71: =SUM(B71:AF71)
A72: UNITED ARAB EMIRATES | AG72: =SUM(B72:AF72)
A73: SUB-TOTAL | B73: =SUM(B66:B72) | C73: =SUM(C66:C72) | D73: =SUM(D66:D72) | E73: =SUM(E66:E72) | F73: =SUM(F66:F72) | G73: =SUM(G66:G72) | H73: =SUM(H66:H72) | I73: =SUM(I66:I72) | ... AF73: =SUM(AF66:AF72) | AG73: =SUM(B73:AF73)
A75: AMERICA
A76: NORTH AMERICA
A77: CANADA | AG77: =SUM(B77:AF77)
A78: MEXICO | AG78: =SUM(B78:AF78)
A79: USA | AG79: =SUM(B79:AF79)
A80: SUB-TOTAL | AG80: =SUM(B80:AF80)
A82: SOUTH AMERICA
A83: ARGENTINA | AG83: =SUM(B83:AF83)
A84: BRAZIL | AG84: =SUM(B84:AF84)
A85: COLOMBIA | AG85: =SUM(B85:AF85)
A86: PERU | AG86: =SUM(B86:AF86)
A87: VENEZUELA | AG87: =SUM(B87:AF87)
A88: SUB-TOTAL | AG88: =SUM(B88:AF88)
A90: EUROPE
A91: WESTERN EUROPE
A92: AUSTRIA | AG92: =SUM(B92:AF92)
A93: BELGIUM | AG93: =SUM(B93:AF93)
A94: FRANCE | AG94: =SUM(B94:AF94)
A95: GERMANY | N95: 1 | AG95: =SUM(B95:AF95)
A96: LUXEMBOURG | N96: 5 | AG96: =SUM(B96:AF96)
A97: NETHERLANDS | AG97: =SUM(B97:AF97)
A98: SWITZERLAND | AG98: =SUM(B98:AF98)
A99: SUB-TOTAL | AG99: =SUM(B99:AF99)
A101: NORTHERN EUROPE
A102: DENMARK | AG102: =SUM(B102:AF102)
A103: FINLAND | AG103: =SUM(B103:AF103)
A104: IRELAND | AG104: =SUM(B104:AF104)
A105: NORWAY | AG105: =SUM(B105:AF105)
A106: SWEDEN | AG106: =SUM(B106:AF106)
A107: UNITED KINGDOM | AG107: =SUM(B107:AF107)
A108: SUB-TOTAL | AG108: =SUM(B108:AF108)
A110: SOUTHERN EUROPE
A111: GREECE | AG111: =SUM(B111:AF111)
A112: ITALY | AG112: =SUM(B112:AF112)
A113: PORTUGAL | AG113: =SUM(B113:AF113)
A114: SPAIN | AG114: =SUM(B114:AF114)
A115: UNION OF SERBIA AND MONTENEGRO | AG115: =SUM(B115:AF115)
A116: SUB-TOTAL | AG116: =SUM(B116:AF116)
A118: EASTERN EUROPE
A119: COMMONWEALTH OF INDEPENDENT STATES | AG119: =SUM(B119:AF119)
...

Sheet AE DAE-1B by Country (Sum)
A1: DAE-1B(Manual-Summary)
A3: Region: __4-A
A4: All Accommodation Establishments — Combined
A5: JUNE, 2026
A7: REPORT ON THE REGIONAL DISTRIBUTION OF TRAVELERS
A9: Type of Accommodation
A10: Hotel
A11: Resort
A12: Pension Inn/ Lodge
A13: Youth Hostel/ Dormitory
A14: Apartel/ Rented Homes/ Apartment
A15: Others, please specify: _________________________
A17: ='Name of Establishment'!A17 -> DOT Accreditation Classification: _____________________________
A19: ='Name of Establishment'!A19 -> AE ID Code (LGU Assigned): _________________________________________
A20: ='Name of Establishment'!A20 -> AE ID Code (LGU Assigned): ____________________________________________
A22: ='Name of Establishment'!A22 -> City/Municipality: ___________________
A23: ='Name of Establishment'!A23 -> Province: _____________________
A25: COUNTRY OF RESIDENCE | B25: TOTAL
A27: PHILIPPINE RESIDENTS
A28: FILIPINO NATIONALITY | B28: 3
A29: FOREIGN NATIONALITY | B29: 0
A30: TOTAL PHILIPPINE RESIDENTS | B30: ='Name of Establishment'!AG30
A32: NON-PHILIPPINE RESIDENTS
A34: ASIA
A35: ASEAN
A36: BRUNEI | B36: 0
A37: CAMBODIA | B37: 0
A38: INDONESIA | B38: 0
A39: LAOS | B39: 0
A40: MALAYSIA | B40: 0
A41: MYANMAR | B41: 0
A42: SINGAPORE | B42: 0
A43: THAILAND | B43: 0
A44: VIETNAM | B44: 0
A45: SUB-TOTAL | B45: ='Name of Establishment'!AG45
A47: EAST ASIA
A48: CHINA | B48: 0
A49: HONGKONG | B49: 0
A50: JAPAN | B50: 0
A51: KOREA | B51: 0
A52: TAIWAN | B52: 0
A53: SUB-TOTAL | B53: ='Name of Establishment'!AG53
A55: SOUTH ASIA
A56: BANGLADESH | B56: 0
A57: INDIA | B57: 0
A58: IRAN | B58: 0
A59: NEPAL | B59: 0
A60: PAKISTAN | B60: 0
A61: SRI LANKA | B61: 0
A62: SUB-TOTAL | B62: ='Name of Establishment'!AG62
A64: MIDDLE EAST
A65: BAHRAIN | B65: 0
A66: EGYPT | B66: 0
A67: ISRAEL | B67: 0
A68: JORDAN | B68: 0
A69: KUWAIT | B69: 0
A70: SAUDI ARABIA | B70: 0
A71: UNITED ARAB EMIRATES | B71: 0
A72: SUB-TOTAL | B72: ='Name of Establishment'!AG72
A74: COUNTRY OF RESIDENCE | B74: TOTAL
A75: AMERICA
A76: NORTH AMERICA
A77: CANADA | B77: ='Name of Establishment'!AG77
A78: MEXICO | B78: 0
A79: USA | B79: 0
A80: SUB-TOTAL | B80: 0
A82: SOUTH AMERICA
A83: ARGENTINA | B83: ='Name of Establishment'!AG83
A84: BRAZIL | B84: 0
A85: COLOMBIA | B85: 0
A86: PERU | B86: 0
A87: VENEZUELA | B87: 0
A88: SUB-TOTAL | B88: 0
A90: EUROPE
A91: WESTERN EUROPE
A92: AUSTRIA | B92: ='Name of Establishment'!AG92
A93: BELGIUM | B93: ='Name of Establishment'!AG93
A94: FRANCE | B94: ='Name of Establishment'!AG94
A95: GERMANY | B95: 1
A96: LUXEMBOURG | B96: 5
A97: NETHERLANDS | B97: 0
A98: SWITZERLAND | B98: 0
A99: SUB-TOTAL | B99: 0
B100: 0
A101: NORTHERN EUROPE | B101: 0
A102: DENMARK | B102: ='Name of Establishment'!AG102
A103: FINLAND | B103: ='Name of Establishment'!AG103
A104: IRELAND | B104: ='Name of Establishment'!AG104
A105: NORWAY | B105: 0
A106: SWEDEN | B106: 0
A107: UNITED KINGDOM | B107: 0
A108: SUB-TOTAL | B108: 0
B109: 0
A110: SOUTHERN EUROPE | B110: 0
A111: GREECE | B111: ='Name of Establishment'!AG111
A112: ITALY | B112: ='Name of Establishment'!AG112
A113: PORTUGAL | B113: ='Name of Establishment'!AG113
A114: SPAIN | B114: 0
A115: UNION OF SERBIA AND MONTENEGRO | B115: 0
A116: SUB-TOTAL | B116: 0
...

Sheet AE DAE-1B (Monthly) Summary
A1: DAE-1B(Manual-Summary)
A3: Region: __4-A
A4: All Accommodation Establishments — Combined
A5: 2026
A7: REPORT ON THE REGIONAL DISTRIBUTION OF TRAVELERS
A9: Type of Accommodation
A10: Hotel
A11: Resort
A12: Pension Inn/ Lodge
A13: Youth Hostel/ Dormitory
A14: Apartel/ Rented Homes/ Apartment
A15: Others, please specify: _________________________
A17: ='Name of Establishment'!A17 -> DOT Accreditation Classification: _____________________________
A19: ='Name of Establishment'!A19 -> AE ID Code (LGU Assigned): _________________________________________
A20: ='Name of Establishment'!A20 -> AE ID Code (LGU Assigned): ____________________________________________
A22: ='Name of Establishment'!A22 -> City/Municipality: ___________________
A23: ='Name of Establishment'!A23 -> Province: _____________________
A25: COUNTRY OF RESIDENCE | B25: JANUARY | C25: FEBRUARY | D25: MARCH | E25: APRIL | F25: MAY | G25: JUNE | H25: JULY | I25: AUGUST | J25: SEPTEMBER | K25: OCTOBER | L25: NOVEMBER | M25: DECEMBER | N25: TOTAL
A27: PHILIPPINE RESIDENTS
A28: FILIPINO NATIONALITY | B28: 0 | C28: 0 | D28: 0 | E28: 0 | F28: 0 | G28: 3 | H28: 0 | I28: 0 | J28: 0 | K28: 0 | L28: 0 | M28: 0 | N28: =SUM(B28:M28)
A29: FOREIGN NATIONALITY | B29: 0 | C29: 0 | D29: 0 | E29: 0 | F29: 0 | G29: 0 | H29: 0 | I29: 0 | J29: 0 | K29: 0 | L29: 0 | M29: 0 | N29: =SUM(B29:M29)
A30: TOTAL PHILIPPINE RESIDENTS | B30: =SUM(B28:B29) | C30: =SUM(C28:C29) | D30: =SUM(D28:D29) | E30: =SUM(E28:E29) | F30: =SUM(F28:F29) | G30: =SUM(G28:G29) | H30: =SUM(H28:H29) | I30: =SUM(I28:I29) | ... M30: =SUM(M28:M29) | N30: =SUM(B30:M30)
A32: NON-PHILIPPINE RESIDENTS
A34: ASIA
A35: ASEAN
A36: BRUNEI | B36: 0 | C36: 0 | D36: 0 | E36: 0 | F36: 0 | G36: 0 | H36: 0 | I36: 0 | J36: 0 | K36: 0 | L36: 0 | M36: 0 | N36: =SUM(B36:M36)
A37: CAMBODIA | B37: 0 | C37: 0 | D37: 0 | E37: 0 | F37: 0 | G37: 0 | H37: 0 | I37: 0 | J37: 0 | K37: 0 | L37: 0 | M37: 0 | N37: =SUM(B37:M37)
A38: INDONESIA | B38: 0 | C38: 0 | D38: 0 | E38: 0 | F38: 0 | G38: 0 | H38: 0 | I38: 0 | J38: 0 | K38: 0 | L38: 0 | M38: 0 | N38: =SUM(B38:M38)
A39: LAOS | B39: 0 | C39: 0 | D39: 0 | E39: 0 | F39: 0 | G39: 0 | H39: 0 | I39: 0 | J39: 0 | K39: 0 | L39: 0 | M39: 0 | N39: =SUM(B39:M39)
A40: MALAYSIA | B40: 0 | C40: 0 | D40: 0 | E40: 0 | F40: 0 | G40: 0 | H40: 0 | I40: 0 | J40: 0 | K40: 0 | L40: 0 | M40: 0 | N40: =SUM(B40:M40)
A41: MYANMAR | B41: 0 | C41: 0 | D41: 0 | E41: 0 | F41: 0 | G41: 0 | H41: 0 | I41: 0 | J41: 0 | K41: 0 | L41: 0 | M41: 0 | N41: =SUM(B41:M41)
A42: SINGAPORE | B42: 0 | C42: 0 | D42: 0 | E42: 0 | F42: 0 | G42: 0 | H42: 0 | I42: 0 | J42: 0 | K42: 0 | L42: 0 | M42: 0 | N42: =SUM(B42:M42)
A43: THAILAND | B43: 0 | C43: 0 | D43: 0 | E43: 0 | F43: 0 | G43: 0 | H43: 0 | I43: 0 | J43: 0 | K43: 0 | L43: 0 | M43: 0 | N43: =SUM(B43:M43)
A44: VIETNAM | B44: 0 | C44: 0 | D44: 0 | E44: 0 | F44: 0 | G44: 0 | H44: 0 | I44: 0 | J44: 0 | K44: 0 | L44: 0 | M44: 0 | N44: =SUM(B44:M44)
A45: SUB-TOTAL | B45: =SUM(B36:B44) | C45: =SUM(C36:C44) | D45: =SUM(D36:D44) | E45: =SUM(E36:E44) | F45: =SUM(F36:F44) | G45: =SUM(G36:G44) | H45: =SUM(H36:H44) | I45: =SUM(I36:I44) | ... M45: =SUM(M36:M44) | N45: =SUM(B45:M45)
A47: EAST ASIA
A48: CHINA | B48: 0 | C48: 0 | D48: 0 | E48: 0 | F48: 0 | G48: 0 | H48: 0 | I48: 0 | J48: 0 | K48: 0 | L48: 0 | M48: 0 | N48: =SUM(B48:M48)
A49: HONGKONG | B49: 0 | C49: 0 | D49: 0 | E49: 0 | F49: 0 | G49: 0 | H49: 0 | I49: 0 | J49: 0 | K49: 0 | L49: 0 | M49: 0 | N49: =SUM(B49:M49)
A50: JAPAN | B50: 0 | C50: 0 | D50: 0 | E50: 0 | F50: 0 | G50: 0 | H50: 0 | I50: 0 | J50: 0 | K50: 0 | L50: 0 | M50: 0 | N50: =SUM(B50:M50)
A51: KOREA | B51: 0 | C51: 0 | D51: 0 | E51: 0 | F51: 0 | G51: 0 | H51: 0 | I51: 0 | J51: 0 | K51: 0 | L51: 0 | M51: 0 | N51: =SUM(B51:M51)
A52: TAIWAN | B52: 0 | C52: 0 | D52: 0 | E52: 0 | F52: 0 | G52: 0 | H52: 0 | I52: 0 | J52: 0 | K52: 0 | L52: 0 | M52: 0 | N52: =SUM(B52:M52)
A53: SUB-TOTAL | B53: =SUM(B48:B52) | C53: =SUM(C48:C52) | D53: =SUM(D48:D52) | E53: =SUM(E48:E52) | F53: =SUM(F48:F52) | G53: =SUM(G48:G52) | H53: =SUM(H48:H52) | I53: =SUM(I48:I52) | ... M53: =SUM(M48:M52) | N53: =SUM(B53:M53)
A55: SOUTH ASIA
A56: BANGLADESH | B56: 0 | C56: 0 | D56: 0 | E56: 0 | F56: 0 | G56: 0 | H56: 0 | I56: 0 | J56: 0 | K56: 0 | L56: 0 | M56: 0 | N56: =SUM(B56:M56)
A57: INDIA | B57: 0 | C57: 0 | D57: 0 | E57: 0 | F57: 0 | G57: 0 | H57: 0 | I57: 0 | J57: 0 | K57: 0 | L57: 0 | M57: 0 | N57: =SUM(B57:M57)
A58: IRAN | B58: 0 | C58: 0 | D58: 0 | E58: 0 | F58: 0 | G58: 0 | H58: 0 | I58: 0 | J58: 0 | K58: 0 | L58: 0 | M58: 0 | N58: =SUM(B58:M58)
A59: NEPAL | B59: 0 | C59: 0 | D59: 0 | E59: 0 | F59: 0 | G59: 0 | H59: 0 | I59: 0 | J59: 0 | K59: 0 | L59: 0 | M59: 0 | N59: =SUM(B59:M59)
A60: PAKISTAN | B60: 0 | C60: 0 | D60: 0 | E60: 0 | F60: 0 | G60: 0 | H60: 0 | I60: 0 | J60: 0 | K60: 0 | L60: 0 | M60: 0 | N60: =SUM(B60:M60)
A61: SRI LANKA | B61: 0 | C61: 0 | D61: 0 | E61: 0 | F61: 0 | G61: 0 | H61: 0 | I61: 0 | J61: 0 | K61: 0 | L61: 0 | M61: 0 | N61: =SUM(B61:M61)
A62: SUB-TOTAL | B62: =SUM(B56:B61) | C62: =SUM(C56:C61) | D62: =SUM(D56:D61) | E62: =SUM(E56:E61) | F62: =SUM(F56:F61) | G62: =SUM(G56:G61) | H62: =SUM(H56:H61) | I62: =SUM(I56:I61) | ... M62: =SUM(M56:M61) | N62: =SUM(B62:M62)
A64: MIDDLE EAST
A65: BAHRAIN | B65: 0 | C65: 0 | D65: 0 | E65: 0 | F65: 0 | G65: 0 | H65: 0 | I65: 0 | J65: 0 | K65: 0 | L65: 0 | M65: 0 | N65: =SUM(B65:M65)
A66: EGYPT | B66: 0 | C66: 0 | D66: 0 | E66: 0 | F66: 0 | G66: 0 | H66: 0 | I66: 0 | J66: 0 | K66: 0 | L66: 0 | M66: 0 | N66: =SUM(B66:M66)
A67: ISRAEL | B67: 0 | C67: 0 | D67: 0 | E67: 0 | F67: 0 | G67: 0 | H67: 0 | I67: 0 | J67: 0 | K67: 0 | L67: 0 | M67: 0 | N67: =SUM(B67:M67)
A68: JORDAN | B68: 0 | C68: 0 | D68: 0 | E68: 0 | F68: 0 | G68: 0 | H68: 0 | I68: 0 | J68: 0 | K68: 0 | L68: 0 | M68: 0 | N68: =SUM(B68:M68)
A69: KUWAIT | B69: 0 | C69: 0 | D69: 0 | E69: 0 | F69: 0 | G69: 0 | H69: 0 | I69: 0 | J69: 0 | K69: 0 | L69: 0 | M69: 0 | N69: =SUM(B69:M69)
A70: SAUDI ARABIA | B70: 0 | C70: 0 | D70: 0 | E70: 0 | F70: 0 | G70: 0 | H70: 0 | I70: 0 | J70: 0 | K70: 0 | L70: 0 | M70: 0 | N70: =SUM(B70:M70)
A71: UNITED ARAB EMIRATES | B71: 0 | C71: 0 | D71: 0 | E71: 0 | F71: 0 | G71: 0 | H71: 0 | I71: 0 | J71: 0 | K71: 0 | L71: 0 | M71: 0 | N71: =SUM(B71:M71)
A72: SUB-TOTAL | B72: =SUM(B65:B71) | C72: =SUM(C65:C71) | D72: =SUM(D65:D71) | E72: =SUM(E65:E71) | F72: =SUM(F65:F71) | G72: =SUM(G65:G71) | H72: =SUM(H65:H71) | I72: =SUM(I65:I71) | ... M72: =SUM(M65:M71) | N72: =SUM(B72:M72)
A74: COUNTRY OF RESIDENCE
A75: AMERICA
A76: NORTH AMERICA
A77: CANADA | N77: =SUM(B77:M77)
A78: MEXICO | B78: 0 | C78: 0 | D78: 0 | E78: 0 | F78: 0 | G78: 0 | H78: 0 | I78: 0 | J78: 0 | K78: 0 | L78: 0 | M78: 0 | N78: =SUM(B78:M78)
A79: USA | B79: 0 | C79: 0 | D79: 0 | E79: 0 | F79: 0 | G79: 0 | H79: 0 | I79: 0 | J79: 0 | K79: 0 | L79: 0 | M79: 0 | N79: =SUM(B79:M79)
A80: SUB-TOTAL | B80: 0 | C80: 0 | D80: 0 | E80: 0 | F80: 0 | G80: 0 | H80: 0 | I80: 0 | J80: 0 | K80: 0 | L80: 0 | M80: 0 | N80: =SUM(B80:M80)
A82: SOUTH AMERICA
A83: ARGENTINA | N83: =SUM(B83:M83)
A84: BRAZIL | B84: 0 | C84: 0 | D84: 0 | E84: 0 | F84: 0 | G84: 0 | H84: 0 | I84: 0 | J84: 0 | K84: 0 | L84: 0 | M84: 0 | N84: =SUM(B84:M84)
A85: COLOMBIA | B85: 0 | C85: 0 | D85: 0 | E85: 0 | F85: 0 | G85: 0 | H85: 0 | I85: 0 | J85: 0 | K85: 0 | L85: 0 | M85: 0 | N85: =SUM(B85:M85)
A86: PERU | B86: 0 | C86: 0 | D86: 0 | E86: 0 | F86: 0 | G86: 0 | H86: 0 | I86: 0 | J86: 0 | K86: 0 | L86: 0 | M86: 0 | N86: =SUM(B86:M86)
A87: VENEZUELA | B87: 0 | C87: 0 | D87: 0 | E87: 0 | F87: 0 | G87: 0 | H87: 0 | I87: 0 | J87: 0 | K87: 0 | L87: 0 | M87: 0 | N87: =SUM(B87:M87)
A88: SUB-TOTAL | B88: 0 | C88: 0 | D88: 0 | E88: 0 | F88: 0 | G88: 0 | H88: 0 | I88: 0 | J88: 0 | K88: 0 | L88: 0 | M88: 0 | N88: =SUM(B88:M88)
A90: EUROPE
A91: WESTERN EUROPE
A92: AUSTRIA | N92: =SUM(B92:M92)
A93: BELGIUM | N93: =SUM(B93:M93)
A94: FRANCE | N94: =SUM(B94:M94)
A95: GERMANY | B95: 0 | C95: 0 | D95: 0 | E95: 0 | F95: 0 | G95: 1 | H95: 0 | I95: 0 | J95: 0 | K95: 0 | L95: 0 | M95: 0 | N95: =SUM(B95:M95)
A96: LUXEMBOURG | B96: 0 | C96: 0 | D96: 0 | E96: 0 | F96: 0 | G96: 5 | H96: 0 | I96: 0 | J96: 0 | K96: 0 | L96: 0 | M96: 0 | N96: =SUM(B96:M96)
A97: NETHERLANDS | B97: 0 | C97: 0 | D97: 0 | E97: 0 | F97: 0 | G97: 0 | H97: 0 | I97: 0 | J97: 0 | K97: 0 | L97: 0 | M97: 0 | N97: =SUM(B97:M97)
A98: SWITZERLAND | B98: 0 | C98: 0 | D98: 0 | E98: 0 | F98: 0 | G98: 0 | H98: 0 | I98: 0 | J98: 0 | K98: 0 | L98: 0 | M98: 0 | N98: =SUM(B98:M98)
A99: SUB-TOTAL | B99: 0 | C99: 0 | D99: 0 | E99: 0 | F99: 0 | G99: 0 | H99: 0 | I99: 0 | J99: 0 | K99: 0 | L99: 0 | M99: 0 | N99: =SUM(B99:M99)
B100: 0 | C100: 0 | D100: 0 | E100: 0 | F100: 0 | G100: 0 | H100: 0 | I100: 0 | J100: 0 | K100: 0 | L100: 0 | M100: 0
A101: NORTHERN EUROPE | B101: 0 | C101: 0 | D101: 0 | E101: 0 | F101: 0 | G101: 0 | H101: 0 | I101: 0 | J101: 0 | K101: 0 | L101: 0 | M101: 0
A102: DENMARK | N102: =SUM(B102:M102)
A103: FINLAND | N103: =SUM(B103:M103)
A104: IRELAND | N104: =SUM(B104:M104)
A105: NORWAY | B105: 0 | C105: 0 | D105: 0 | E105: 0 | F105: 0 | G105: 0 | H105: 0 | I105: 0 | J105: 0 | K105: 0 | L105: 0 | M105: 0 | N105: =SUM(B105:M105)
A106: SWEDEN | B106: 0 | C106: 0 | D106: 0 | E106: 0 | F106: 0 | G106: 0 | H106: 0 | I106: 0 | J106: 0 | K106: 0 | L106: 0 | M106: 0 | N106: =SUM(B106:M106)
A107: UNITED KINGDOM | B107: 0 | C107: 0 | D107: 0 | E107: 0 | F107: 0 | G107: 0 | H107: 0 | I107: 0 | J107: 0 | K107: 0 | L107: 0 | M107: 0 | N107: =SUM(B107:M107)
A108: SUB-TOTAL | B108: 0 | C108: 0 | D108: 0 | E108: 0 | F108: 0 | G108: 0 | H108: 0 | I108: 0 | J108: 0 | K108: 0 | L108: 0 | M108: 0 | N108: =SUM(B108:M108)
B109: 0 | C109: 0 | D109: 0 | E109: 0 | F109: 0 | G109: 0 | H109: 0 | I109: 0 | J109: 0 | K109: 0 | L109: 0 | M109: 0
A110: SOUTHERN EUROPE | B110: 0 | C110: 0 | D110: 0 | E110: 0 | F110: 0 | G110: 0 | H110: 0 | I110: 0 | J110: 0 | K110: 0 | L110: 0 | M110: 0
A111: GREECE | N111: =SUM(B111:M111)
A112: ITALY | N112: =SUM(B112:M112)
A113: PORTUGAL | N113: =SUM(B113:M113)
A114: SPAIN | B114: 0 | C114: 0 | D114: 0 | E114: 0 | F114: 0 | G114: 0 | H114: 0 | I114: 0 | J114: 0 | K114: 0 | L114: 0 | M114: 0 | N114: =SUM(B114:M114)
A115: UNION OF SERBIA AND MONTENEGRO | B115: 0 | C115: 0 | D115: 0 | E115: 0 | F115: 0 | G115: 0 | H115: 0 | I115: 0 | J115: 0 | K115: 0 | L115: 0 | M115: 0 | N115: =SUM(B115:M115)
A116: SUB-TOTAL | B116: 0 | C116: 0 | D116: 0 | E116: 0 | F116: 0 | G116: 0 | H116: 0 | I116: 0 | J116: 0 | K116: 0 | L116: 0 | M116: 0 | N116: =SUM(B116:M116)
...
