Workbook

Sheet Name of Establishment
A1: Sample Resort & Spa
A3: Region: __4-A
A4: January 2025
A5: (Month, Year)
A7: REPORT ON THE REGIONAL DISTRIBUTION OF TRAVELERS
A9: Type of Accommodation
A10: Hotel
A11: Resort
A12: Pension Inn/ Lodge
A13: Youth Hostel/ Dormitory
A14: Apartel/ Rented Homes/ Apartment
A15: Others, please specify: _________________________
... A23: Province: Quezon
A25: COUNTRY OF RESIDENCE | B25: 1 | C25: 2 | D25: 3 | E25: 4 | F25: 5 | G25: 6 | H25: 7 | I25: 8 | J25: 9 | K25: 10 | L25: 11 | M25: 12 | N25: 13 | O25: 14 | P25: 15 | Q25: 16 | R25: 17 | S25: 18 | T25: 19 | U25: 20 | V25: 21 | W25: 22 | X25: 23 | Y25: 24 | Z25: 25 | AA25: 26 | AB25: 27 | AC25: 28 | AD25: 29 | AE25: 30 | AF25: 31 | AG25: TOTAL
A27: PHILIPPINE RESIDENTS
A28: FILIPINO NATIONALITY | B28: 20 | C28: 18 | D28: 22 | E28: 25 | F28: 30 | G28: 28 | H28: 35 | I28: 32 | J28: 27 | K28: 24 | L28: 22 | M28: 20 | N28: 18 | O28: 21 | P28: 23 | Q28: 25 | R28: 28 | S28: 30 | T28: 32 | U28: 29 | V28: 26 | W28: 24 | X28: 22 | Y28: 20 | Z28: 18 | AA28: 21 | AB28: 25 | AC28: 28 | AD28: 30 | AE28: 27 | AF28: 24 | AG28: =SUM(B28:AF28) -> 0
A29: FOREIGN NATIONALITY | B29: 2 | C29: 2 | D29: 3 | E29: 5 | F29: 0 | G29: 0 | H29: 5 | I29: 3 | J29: 5 | K29: 3 | L29: 0 | M29: 3 | N29: 2 | O29: 3 | P29: 3 | Q29: 2 | R29: 4 | S29: 0 | T29: 0 | U29: 2 | V29: 5 | W29: 4 | X29: 5 | Y29: 5 | Z29: 3 | AA29: 4 | AB29: 3 | AC29: 4 | AD29: 5 | AE29: 1 | AF29: 3 | AG29: =SUM(B29:AF29) -> 0
A30: TOTAL PHILIPPINE RESIDENTS | B30: =SUM(B28:B29) -> 0 | C30: =SUM(C28:C29) -> 0 | D30: =SUM(D28:D29) -> 0 | E30: =SUM(E28:E29) -> 0 | F30: =SUM(F28:F29) -> 0 | G30: =SUM(G28:G29) -> 0 | H30: =SUM(H28:H29) -> 0 | I30: =SUM(I28:I29) -> 0 | ... AF30: =SUM(AF28:AF29) -> 0 | AG30: =SUM(B30:AF30) -> 0
A32: NON-PHILIPPINE RESIDENTS
A34: ASIA
A35: ASEAN
A36: BRUNEI | B36: 3 | C36: 4 | D36: 3 | E36: 5 | F36: 1 | G36: 1 | H36: 1 | I36: 2 | J36: 0 | K36: 4 | L36: 3 | M36: 0 | N36: 2 | O36: 3 | P36: 5 | Q36: 2 | R36: 3 | S36: 4 | T36: 5 | U36: 0 | V36: 0 | W36: 5 | X36: 5 | Y36: 1 | Z36: 5 | AA36: 3 | AB36: 0 | AC36: 1 | AD36: 3 | AE36: 3 | AF36: 0 | AG36: =SUM(B36:AF36) -> 0
A37: CAMBODIA | B37: 1 | C37: 2 | D37: 0 | E37: 2 | F37: 2 | G37: 4 | H37: 3 | I37: 0 | J37: 0 | K37: 2 | L37: 0 | M37: 0 | N37: 5 | O37: 4 | P37: 0 | Q37: 4 | R37: 1 | S37: 3 | T37: 5 | U37: 1 | V37: 5 | W37: 1 | X37: 5 | Y37: 2 | Z37: 4 | AA37: 0 | AB37: 4 | AC37: 3 | AD37: 3 | AE37: 3 | AF37: 4 | AG37: =SUM(B37:AF37) -> 0
A38: INDONESIA | B38: 1 | C38: 0 | D38: 3 | E38: 3 | F38: 4 | G38: 5 | H38: 4 | I38: 0 | J38: 4 | K38: 4 | L38: 2 | M38: 3 | N38: 1 | O38: 5 | P38: 2 | Q38: 4 | R38: 4 | S38: 5 | T38: 3 | U38: 5 | V38: 0 | W38: 0 | X38: 3 | Y38: 2 | Z38: 4 | AA38: 0 | AB38: 0 | AC38: 4 | AD38: 0 | AE38: 4 | AF38: 1 | AG38: =SUM(B38:AF38) -> 0
A39: LAOS | B39: 0 | C39: 4 | D39: 3 | E39: 4 | F39: 0 | G39: 5 | H39: 2 | I39: 0 | J39: 4 | K39: 1 | L39: 5 | M39: 4 | N39: 1 | O39: 4 | P39: 3 | Q39: 4 | R39: 5 | S39: 4 | T39: 1 | U39: 1 | V39: 3 | W39: 1 | X39: 3 | Y39: 5 | Z39: 2 | AA39: 0 | AB39: 0 | AC39: 0 | AD39: 3 | AE39: 2 | AF39: 4 | AG39: =SUM(B39:AF39) -> 0
A40: MALAYSIA | B40: 3 | C40: 2 | D40: 5 | E40: 0 | F40: 4 | G40: 0 | H40: 5 | I40: 0 | J40: 3 | K40: 3 | L40: 1 | M40: 0 | N40: 2 | O40: 5 | P40: 2 | Q40: 3 | R40: 3 | S40: 2 | T40: 3 | U40: 1 | V40: 1 | W40: 5 | X40: 2 | Y40: 2 | Z40: 3 | AA40: 4 | AB40: 4 | AC40: 2 | AD40: 4 | AE40: 5 | AF40: 1 | AG40: =SUM(B40:AF40) -> 0
A41: MYANMAR | B41: 3 | C41: 3 | D41: 5 | E41: 5 | F41: 2 | G41: 0 | H41: 4 | I41: 2 | J41: 1 | K41: 0 | L41: 0 | M41: 5 | N41: 3 | O41: 4 | P41: 5 | Q41: 2 | R41: 5 | S41: 2 | T41: 4 | U41: 1 | V41: 4 | W41: 3 | X41: 4 | Y41: 3 | Z41: 1 | AA41: 1 | AB41: 1 | AC41: 1 | AD41: 5 | AE41: 4 | AF41: 4 | AG41: =SUM(B41:AF41) -> 0
A42: SINGAPORE | B42: 5 | C42: 1 | D42: 5 | E42: 1 | F42: 5 | G42: 1 | H42: 2 | I42: 2 | J42: 4 | K42: 1 | L42: 1 | M42: 0 | N42: 2 | O42: 0 | P42: 3 | Q42: 2 | R42: 0 | S42: 1 | T42: 5 | U42: 3 | V42: 0 | W42: 0 | X42: 4 | Y42: 1 | Z42: 0 | AA42: 2 | AB42: 1 | AC42: 2 | AD42: 2 | AE42: 2 | AF42: 0 | AG42: =SUM(B42:AF42) -> 0
A43: THAILAND | B43: 5 | C43: 0 | D43: 1 | E43: 1 | F43: 3 | G43: 1 | H43: 5 | I43: 3 | J43: 5 | K43: 5 | L43: 4 | M43: 5 | N43: 3 | O43: 4 | P43: 2 | Q43: 0 | R43: 1 | S43: 1 | T43: 0 | U43: 4 | V43: 2 | W43: 0 | X43: 1 | Y43: 1 | Z43: 4 | AA43: 2 | AB43: 3 | AC43: 5 | AD43: 2 | AE43: 3 | AF43: 2 | AG43: =SUM(B43:AF43) -> 0
A44: VIETNAM | B44: 2 | C44: 4 | D44: 1 | E44: 0 | F44: 3 | G44: 5 | H44: 4 | I44: 2 | J44: 5 | K44: 0 | L44: 2 | M44: 5 | N44: 1 | O44: 3 | P44: 1 | Q44: 3 | R44: 3 | S44: 4 | T44: 4 | U44: 4 | V44: 4 | W44: 2 | X44: 3 | Y44: 1 | Z44: 3 | AA44: 0 | AB44: 3 | AC44: 1 | AD44: 1 | AE44: 4 | AF44: 5 | AG44: =SUM(B44:AF44) -> 0
A45: SUB-TOTAL | B45: =SUM(B36:B44) -> 0 | C45: =SUM(C36:C44) -> 0 | D45: =SUM(D36:D44) -> 0 | E45: =SUM(E36:E44) -> 0 | F45: =SUM(F36:F44) -> 0 | G45: =SUM(G36:G44) -> 0 | H45: =SUM(H36:H44) -> 0 | I45: =SUM(I36:I44) -> 0 | ... AF45: =SUM(AF36:AF44) -> 0 | AG45: =SUM(B45:AF45) -> 0
A47: EAST ASIA
A48: CHINA | B48: 4 | C48: 4 | D48: 0 | E48: 5 | F48: 2 | G48: 3 | H48: 4 | I48: 2 | J48: 2 | K48: 1 | L48: 3 | M48: 0 | N48: 2 | O48: 2 | P48: 1 | Q48: 4 | R48: 0 | S48: 3 | T48: 2 | U48: 3 | V48: 3 | W48: 5 | X48: 2 | Y48: 3 | Z48: 0 | AA48: 4 | AB48: 5 | AC48: 0 | AD48: 2 | AE48: 5 | AF48: 3 | AG48: =SUM(B48:AF48) -> 0
A49: HONGKONG | B49: 1 | C49: 3 | D49: 0 | E49: 5 | F49: 1 | G49: 4 | H49: 0 | I49: 2 | J49: 2 | K49: 3 | L49: 3 | M49: 5 | N49: 2 | O49: 2 | P49: 2 | Q49: 4 | R49: 0 | S49: 3 | T49: 3 | U49: 0 | V49: 5 | W49: 4 | X49: 3 | Y49: 4 | Z49: 5 | AA49: 4 | AB49: 4 | AC49: 3 | AD49: 5 | AE49: 3 | AF49: 4 | AG49: =SUM(B49:AF49) -> 0
A50: JAPAN | B50: 4 | C50: 3 | D50: 3 | E50: 4 | F50: 1 | G50: 3 | H50: 2 | I50: 5 | J50: 5 | K50: 3 | L50: 4 | M50: 4 | N50: 3 | O50: 1 | P50: 5 | Q50: 2 | R50: 3 | S50: 1 | T50: 2 | U50: 1 | V50: 4 | W50: 3 | X50: 3 | Y50: 3 | Z50: 1 | AA50: 1 | AB50: 5 | AC50: 5 | AD50: 2 | AE50: 0 | AF50: 4 | AG50: =SUM(B50:AF50) -> 0
A51: KOREA | B51: 3 | C51: 0 | D51: 4 | E51: 4 | F51: 3 | G51: 3 | H51: 5 | I51: 1 | J51: 0 | K51: 3 | L51: 5 | M51: 5 | N51: 2 | O51: 3 | P51: 5 | Q51: 1 | R51: 5 | S51: 3 | T51: 0 | U51: 1 | V51: 3 | W51: 5 | X51: 0 | Y51: 2 | Z51: 4 | AA51: 2 | AB51: 3 | AC51: 2 | AD51: 1 | AE51: 4 | AF51: 5 | AG51: =SUM(B51:AF51) -> 0
A52: TAIWAN | B52: 0 | C52: 4 | D52: 1 | E52: 2 | F52: 0 | G52: 5 | H52: 2 | I52: 4 | J52: 1 | K52: 5 | L52: 0 | M52: 1 | N52: 4 | O52: 2 | P52: 5 | Q52: 3 | R52: 3 | S52: 5 | T52: 1 | U52: 2 | V52: 2 | W52: 5 | X52: 0 | Y52: 5 | Z52: 1 | AA52: 3 | AB52: 4 | AC52: 2 | AD52: 5 | AE52: 3 | AF52: 1 | AG52: =SUM(B52:AF52) -> 0
A53: SUB-TOTAL | B53: =SUM(B48:B52) -> 0 | C53: =SUM(C48:C52) -> 0 | D53: =SUM(D48:D52) -> 0 | E53: =SUM(E48:E52) -> 0 | F53: =SUM(F48:F52) -> 0 | G53: =SUM(G48:G52) -> 0 | H53: =SUM(H48:H52) -> 0 | I53: =SUM(I48:I52) -> 0 | ... AF53: =SUM(AF48:AF52) -> 0 | AG53: =SUM(B53:AF53) -> 0
A55: SOUTH ASIA
A56: BANGLADESH | AG56: =SUM(B56:AF56) -> 0
A57: INDIA | AG57: =SUM(B57:AF57) -> 0
A58: IRAN | AG58: =SUM(B58:AF58) -> 0
A59: NEPAL | AG59: =SUM(B59:AF59) -> 0
A60: PAKISTAN | AG60: =SUM(B60:AF60) -> 0
A61: SRI LANKA | AG61: =SUM(B61:AF61) -> 0
A62: SUB-TOTAL | B62: =SUM(B56:B61) -> 0 | C62: =SUM(C56:C61) -> 0 | D62: =SUM(D56:D61) -> 0 | E62: =SUM(E56:E61) -> 0 | F62: =SUM(F56:F61) -> 0 | G62: =SUM(G56:G61) -> 0 | H62: =SUM(H56:H61) -> 0 | I62: =SUM(I56:I61) -> 0 | ... AF62: =SUM(AF56:AF61) -> 0 | AG62: =SUM(B62:AF62) -> 0
A64: COUNTRY OF RESIDENCE | B64: 1 | C64: 2 | D64: 3 | E64: 4 | F64: 5 | G64: 6 | H64: 7 | I64: 8 | J64: 9 | K64: 10 | L64: 11 | M64: 12 | N64: 13 | O64: 14 | P64: 15 | Q64: 16 | R64: 17 | S64: 18 | T64: 19 | U64: 20 | V64: 21 | W64: 22 | X64: 23 | Y64: 24 | Z64: 25 | AA64: 26 | AB64: 27 | AC64: 28 | AD64: 29 | AE64: 30 | AF64: 31 | AG64: TOTAL
A65: MIDDLE EAST
A66: BAHRAIN | AG66: =SUM(B66:AF66) -> 0
A67: EGYPT | AG67: =SUM(B67:AF67) -> 0
A68: ISRAEL | AG68: =SUM(B68:AF68) -> 0
A69: JORDAN | AG69: =SUM(B69:AF69) -> 0
A70: KUWAIT | AG70: =SUM(B70:AF70) -> 0
A71: SAUDI ARABIA | AG71: =SUM(B71:AF71) -> 0
A72: UNITED ARAB EMIRATES | AG72: =SUM(B72:AF72) -> 0
A73: SUB-TOTAL | B73: =SUM(B66:B72) -> 0 | C73: =SUM(C66:C72) -> 0 | D73: =SUM(D66:D72) -> 0 | E73: =SUM(E66:E72) -> 0 | F73: =SUM(F66:F72) -> 0 | G73: =SUM(G66:G72) -> 0 | H73: =SUM(H66:H72) -> 0 | I73: =SUM(I66:I72) -> 0 | ... AF73: =SUM(AF66:AF72) -> 0 | AG73: =SUM(B73:AF73) -> 0
A75: AMERICA
A76: NORTH AMERICA
A77: CANADA | B77: 2 | C77: 2 | D77: 2 | E77: 5 | F77: 3 | G77: 0 | H77: 1 | I77: 5 | J77: 5 | K77: 3 | L77: 0 | M77: 1 | N77: 1 | O77: 1 | P77: 3 | Q77: 1 | R77: 4 | S77: 0 | T77: 2 | U77: 4 | V77: 1 | W77: 3 | X77: 5 | Y77: 0 | Z77: 3 | AA77: 4 | AB77: 0 | AC77: 5 | AD77: 2 | AE77: 0 | AF77: 3 | AG77: =SUM(B77:AF77) -> 0
A78: MEXICO | AG78: =SUM(B78:AF78) -> 0
A79: USA | B79: 1 | C79: 2 | D79: 1 | E79: 0 | F79: 1 | G79: 0 | H79: 5 | I79: 4 | J79: 2 | K79: 0 | L79: 0 | M79: 4 | N79: 5 | O79: 4 | P79: 5 | Q79: 2 | R79: 3 | S79: 1 | T79: 3 | U79: 1 | V79: 1 | W79: 5 | X79: 1 | Y79: 4 | Z79: 2 | AA79: 5 | AB79: 2 | AC79: 3 | AD79: 2 | AE79: 5 | AF79: 2 | AG79: =SUM(B79:AF79) -> 0
A80: SUB-TOTAL | B80: =SUM(B77:B79) -> 0 | C80: =SUM(C77:C79) -> 0 | D80: =SUM(D77:D79) -> 0 | E80: =SUM(E77:E79) -> 0 | F80: =SUM(F77:F79) -> 0 | G80: =SUM(G77:G79) -> 0 | H80: =SUM(H77:H79) -> 0 | I80: =SUM(I77:I79) -> 0 | ... AF80: =SUM(AF77:AF79) -> 0 | AG80: =SUM(B80:AF80) -> 0
A82: SOUTH AMERICA
A83: ARGENTINA | AG83: =SUM(B83:AF83) -> 0
A84: BRAZIL | AG84: =SUM(B84:AF84) -> 0
A85: COLOMBIA | AG85: =SUM(B85:AF85) -> 0
A86: PERU | AG86: =SUM(B86:AF86) -> 0
A87: VENEZUELA | AG87: =SUM(B87:AF87) -> 0
A88: SUB-TOTAL | B88: =SUM(B83:B87) -> 0 | C88: =SUM(C83:C87) -> 0 | D88: =SUM(D83:D87) -> 0 | E88: =SUM(E83:E87) -> 0 | F88: =SUM(F83:F87) -> 0 | G88: =SUM(G83:G87) -> 0 | H88: =SUM(H83:H87) -> 0 | I88: =SUM(I83:I87) -> 0 | ... AF88: =SUM(AF83:AF87) -> 0 | AG88: =SUM(B88:AF88) -> 0
A90: EUROPE
A91: WESTERN EUROPE
A92: AUSTRIA | AG92: =SUM(B92:AF92) -> 0
A93: BELGIUM | AG93: =SUM(B93:AF93) -> 0
A94: FRANCE | B94: 5 | C94: 0 | D94: 1 | E94: 3 | F94: 2 | G94: 4 | H94: 0 | I94: 2 | J94: 2 | K94: 1 | L94: 3 | M94: 1 | N94: 1 | O94: 2 | P94: 5 | Q94: 1 | R94: 2 | S94: 1 | T94: 2 | U94: 0 | V94: 5 | W94: 0 | X94: 0 | Y94: 1 | Z94: 3 | AA94: 1 | AB94: 1 | AC94: 0 | AD94: 3 | AE94: 2 | AF94: 3 | AG94: =SUM(B94:AF94) -> 0
A95: GERMANY | B95: 5 | C95: 1 | D95: 0 | E95: 4 | F95: 4 | G95: 1 | H95: 0 | I95: 0 | J95: 1 | K95: 0 | L95: 2 | M95: 1 | N95: 0 | O95: 5 | P95: 2 | Q95: 5 | R95: 0 | S95: 1 | T95: 2 | U95: 5 | V95: 5 | W95: 5 | X95: 1 | Y95: 3 | Z95: 1 | AA95: 5 | AB95: 2 | AC95: 1 | AD95: 4 | AE95: 3 | AF95: 5 | AG95: =SUM(B95:AF95) -> 0
A96: LUXEMBOURG | AG96: =SUM(B96:AF96) -> 0
A97: NETHERLANDS | AG97: =SUM(B97:AF97) -> 0
A98: SWITZERLAND | AG98: =SUM(B98:AF98) -> 0
A99: SUB-TOTAL | B99: =SUM(B92:B98) -> 0 | C99: =SUM(C92:C98) -> 0 | D99: =SUM(D92:D98) -> 0 | E99: =SUM(E92:E98) -> 0 | F99: =SUM(F92:F98) -> 0 | G99: =SUM(G92:G98) -> 0 | H99: =SUM(H92:H98) -> 0 | I99: =SUM(I92:I98) -> 0 | ... AF99: =SUM(AF92:AF98) -> 0 | AG99: =SUM(B99:AF99) -> 0
A101: NORTHERN EUROPE
A102: DENMARK | AG102: =SUM(B102:AF102) -> 0
A103: FINLAND | AG103: =SUM(B103:AF103) -> 0
A104: IRELAND | AG104: =SUM(B104:AF104) -> 0
A105: NORWAY | AG105: =SUM(B105:AF105) -> 0
A106: SWEDEN | AG106: =SUM(B106:AF106) -> 0
A107: UNITED KINGDOM | B107: 5 | C107: 5 | D107: 2 | E107: 5 | F107: 3 | G107: 5 | H107: 3 | I107: 3 | J107: 3 | K107: 0 | L107: 5 | M107: 2 | N107: 0 | O107: 4 | P107: 1 | Q107: 5 | R107: 2 | S107: 1 | T107: 4 | U107: 2 | V107: 2 | W107: 2 | X107: 3 | Y107: 2 | Z107: 2 | AA107: 1 | AB107: 4 | AC107: 3 | AD107: 0 | AE107: 3 | AF107: 4 | AG107: =SUM(B107:AF107) -> 0
A108: SUB-TOTAL | B108: =SUM(B102:B107) -> 0 | C108: =SUM(C102:C107) -> 0 | D108: =SUM(D102:D107) -> 0 | E108: =SUM(E102:E107) -> 0 | F108: =SUM(F102:F107) -> 0 | G108: =SUM(G102:G107) -> 0 | H108: =SUM(H102:H107) -> 0 | I108: =SUM(I102:I107) -> 0 | ... AF108: =SUM(AF102:AF107) -> 0 | AG108: =SUM(B108:AF108) -> 0
A110: SOUTHERN EUROPE
A111: GREECE | AG111: =SUM(B111:AF111) -> 0
A112: ITALY | AG112: =SUM(B112:AF112) -> 0
A113: PORTUGAL | AG113: =SUM(B113:AF113) -> 0
A114: SPAIN | AG114: =SUM(B114:AF114) -> 0
A115: UNION OF SERBIA AND MONTENEGRO | AG115: =SUM(B115:AF115) -> 0
A116: SUB-TOTAL | B116: =SUM(B111:B115) -> 0 | C116: =SUM(C111:C115) -> 0 | D116: =SUM(D111:D115) -> 0 | E116: =SUM(E111:E115) -> 0 | F116: =SUM(F111:F115) -> 0 | G116: =SUM(G111:G115) -> 0 | H116: =SUM(H111:H115) -> 0 | I116: =SUM(I111:I115) -> 0 | ... AF116: =SUM(AF111:AF115) -> 0 | AG116: =SUM(B116:AF116) -> 0
A118: EASTERN EUROPE
A119: COMMONWEALTH OF INDEPENDENT STATES | AG119: =SUM(B119:AF119) -> 0
A120: POLAND | AG120: =SUM(B120:AF120) -> 0
A121: RUSSIA | AG121: =SUM(B121:AF121) -> 0
A122: SUB-TOTAL | B122: =SUM(B119:B121) -> 0 | C122: =SUM(C119:C121) -> 0 | D122: =SUM(D119:D121) -> 0 | E122: =SUM(E119:E121) -> 0 | F122: =SUM(F119:F121) -> 0 | G122: =SUM(G119:G121) -> 0 | H122: =SUM(H119:H121) -> 0 | I122: =SUM(I119:I121) -> 0 | ... AF122: =SUM(AF119:AF121) -> 0 | AG122: =SUM(B122:AF122) -> 0
A124: COUNTRY OF RESIDENCE | B124: 1 | C124: 2 | D124: 3 | E124: 4 | F124: 5 | G124: 6 | H124: 7 | I124: 8 | J124: 9 | K124: 10 | L124: 11 | M124: 12 | N124: 13 | O124: 14 | P124: 15 | Q124: 16 | R124: 17 | S124: 18 | T124: 19 | U124: 20 | V124: 21 | W124: 22 | X124: 23 | Y124: 24 | Z124: 25 | AA124: 26 | AB124: 27 | AC124: 28 | AD124: 29 | AE124: 30 | AF124: 31 | AG124: TOTAL
...

Sheet AE DAE-1B by Country (Sum) 
A1: DAE-1B(Manual-Summary)
A3: ='Name of Establishment'!A3:AG3 -> Region: __4-A
A4: ='Name of Establishment'!A4:AG4 -> ____________________________________
A5: (Month, Year)
A7: REPORT ON THE REGIONAL DISTRIBUTION OF TRAVELERS
A9: Type of Accommodation
A10: Hotel
A11: Resort
A12: Pension Inn/ Lodge
A13: Youth Hostel/ Dormitory
A14: Apartel/ Rented Homes/ Apartment
A15: Others, please specify: _________________________
A17: ='Name of Establishment'!A17 -> DOT Accreditation Classification: _____________________________
A19: ='Name of Establishment'!A19 -> AE ID Code (LGU Assigned): _________________________________________
A20: ='Name of Establishment'!A20 -> AE ID Code (LGU Assigned): ____________________________________________
A22: ='Name of Establishment'!A22 -> City/Municipality: ___________________
A23: ='Name of Establishment'!A23 -> Province: _____________________
A25: COUNTRY OF RESIDENCE | B25: TOTAL
A27: PHILIPPINE RESIDENTS
A28: FILIPINO NATIONALITY | B28: ='Name of Establishment'!AG28 -> 0
A29: FOREIGN NATIONALITY | B29: ='Name of Establishment'!AG29 -> 0
A30: TOTAL PHILIPPINE RESIDENTS | B30: ='Name of Establishment'!AG30 -> 0
A32: NON-PHILIPPINE RESIDENTS
A34: ASIA
A35: ASEAN
A36: BRUNEI | B36: ='Name of Establishment'!AG36 -> 0
A37: CAMBODIA | B37: ='Name of Establishment'!AG37 -> 0
A38: INDONESIA | B38: ='Name of Establishment'!AG38 -> 0
A39: LAOS | B39: ='Name of Establishment'!AG39 -> 0
A40: MALAYSIA | B40: ='Name of Establishment'!AG40 -> 0
A41: MYANMAR | B41: ='Name of Establishment'!AG41 -> 0
A42: SINGAPORE | B42: ='Name of Establishment'!AG42 -> 0
A43: THAILAND | B43: ='Name of Establishment'!AG43 -> 0
A44: VIETNAM | B44: ='Name of Establishment'!AG44 -> 0
A45: SUB-TOTAL | B45: ='Name of Establishment'!AG45 -> 0
A47: EAST ASIA
A48: CHINA | B48: ='Name of Establishment'!AG48 -> 0
A49: HONGKONG | B49: ='Name of Establishment'!AG49 -> 0
A50: JAPAN | B50: ='Name of Establishment'!AG50 -> 0
A51: KOREA | B51: ='Name of Establishment'!AG51 -> 0
A52: TAIWAN | B52: ='Name of Establishment'!AG52 -> 0
A53: SUB-TOTAL | B53: ='Name of Establishment'!AG53 -> 0
A55: SOUTH ASIA
A56: BANGLADESH | B56: ='Name of Establishment'!AG56 -> 0
A57: INDIA | B57: ='Name of Establishment'!AG57 -> 0
A58: IRAN | B58: ='Name of Establishment'!AG58 -> 0
A59: NEPAL | B59: ='Name of Establishment'!AG59 -> 0
A60: PAKISTAN | B60: ='Name of Establishment'!AG60 -> 0
A61: SRI LANKA | B61: ='Name of Establishment'!AG61 -> 0
A62: SUB-TOTAL | B62: ='Name of Establishment'!AG62 -> 0
A64: MIDDLE EAST
A65: BAHRAIN | B65: ='Name of Establishment'!AG65 -> 0
A66: EGYPT | B66: ='Name of Establishment'!AG66 -> 0
A67: ISRAEL | B67: ='Name of Establishment'!AG67 -> 0
A68: JORDAN | B68: ='Name of Establishment'!AG68 -> 0
A69: KUWAIT | B69: ='Name of Establishment'!AG69 -> 0
A70: SAUDI ARABIA | B70: ='Name of Establishment'!AG70 -> 0
A71: UNITED ARAB EMIRATES | B71: ='Name of Establishment'!AG71 -> 0
A72: SUB-TOTAL | B72: ='Name of Establishment'!AG72 -> 0
A74: COUNTRY OF RESIDENCE | B74: TOTAL
A75: AMERICA
A76: NORTH AMERICA
A77: CANADA | B77: ='Name of Establishment'!AG77 -> 0
A78: MEXICO | B78: ='Name of Establishment'!AG78 -> 0
A79: USA | B79: ='Name of Establishment'!AG79 -> 0
A80: SUB-TOTAL | B80: ='Name of Establishment'!AG80 -> 0
A82: SOUTH AMERICA
A83: ARGENTINA | B83: ='Name of Establishment'!AG83 -> 0
A84: BRAZIL | B84: ='Name of Establishment'!AG84 -> 0
A85: COLOMBIA | B85: ='Name of Establishment'!AG85 -> 0
A86: PERU | B86: ='Name of Establishment'!AG86 -> 0
A87: VENEZUELA | B87: ='Name of Establishment'!AG87 -> 0
A88: SUB-TOTAL | B88: ='Name of Establishment'!AG88 -> 0
A90: EUROPE
A91: WESTERN EUROPE
A92: AUSTRIA | B92: ='Name of Establishment'!AG92 -> 0
A93: BELGIUM | B93: ='Name of Establishment'!AG93 -> 0
A94: FRANCE | B94: ='Name of Establishment'!AG94 -> 0
A95: GERMANY | B95: ='Name of Establishment'!AG95 -> 0
A96: LUXEMBOURG | B96: ='Name of Establishment'!AG96 -> 0
A97: NETHERLANDS | B97: ='Name of Establishment'!AG97 -> 0
A98: SWITZERLAND | B98: ='Name of Establishment'!AG98 -> 0
A99: SUB-TOTAL | B99: ='Name of Establishment'!AG99 -> 0
A101: NORTHERN EUROPE
A102: DENMARK | B102: ='Name of Establishment'!AG102 -> 0
A103: FINLAND | B103: ='Name of Establishment'!AG103 -> 0
A104: IRELAND | B104: ='Name of Establishment'!AG104 -> 0
A105: NORWAY | B105: ='Name of Establishment'!AG105 -> 0
A106: SWEDEN | B106: ='Name of Establishment'!AG106 -> 0
A107: UNITED KINGDOM | B107: ='Name of Establishment'!AG107 -> 0
A108: SUB-TOTAL | B108: ='Name of Establishment'!AG108 -> 0
A110: SOUTHERN EUROPE
A111: GREECE | B111: ='Name of Establishment'!AG111 -> 0
A112: ITALY | B112: ='Name of Establishment'!AG112 -> 0
A113: PORTUGAL | B113: ='Name of Establishment'!AG113 -> 0
A114: SPAIN | B114: ='Name of Establishment'!AG114 -> 0
A115: UNION OF SERBIA AND MONTENEGRO | B115: ='Name of Establishment'!AG115 -> 0
A116: SUB-TOTAL | B116: ='Name of Establishment'!AG116 -> 0
A118: EASTERN EUROPE
A119: COMMONWEALTH OF INDEPENDENT STATES | B119: ='Name of Establishment'!AG119 -> 0
...

Sheet AE DAE-1B (Monthly)
A1: DAE-1B(Manual-Summary)
A3: ='Name of Establishment'!A3:AG3 -> Region: __4-A
A4: ='Name of Establishment'!A4:AG4 -> ____________________________________
A5: (Month, Year)
A7: REPORT ON THE REGIONAL DISTRIBUTION OF TRAVELERS
A9: Type of Accommodation
A10: Hotel
A11: Resort
A12: Pension Inn/ Lodge
A13: Youth Hostel/ Dormitory
A14: Apartel/ Rented Homes/ Apartment
A15: Others, please specify: _________________________
A17: ='Name of Establishment'!A17 -> DOT Accreditation Classification: _____________________________
A19: ='Name of Establishment'!A19 -> AE ID Code (LGU Assigned): _________________________________________
A20: ='Name of Establishment'!A20 -> AE ID Code (LGU Assigned): ____________________________________________
A22: ='Name of Establishment'!A22 -> City/Municipality: ___________________
A23: ='Name of Establishment'!A23 -> Province: _____________________
A25: COUNTRY OF RESIDENCE | B25: JANUARY | C25: FEBRUARY | D25: MARCH | E25: APRIL | F25: MAY | G25: JUNE | H25: JULY | I25: AUGUST | J25: SEPTEMBER | K25: OCTOBER | L25: NOVEMBER | M25: DECEMBER | N25: TOTAL
A27: PHILIPPINE RESIDENTS
A28: FILIPINO NATIONALITY | B28: 774 | N28: =SUM(B28:M28) -> 0
A29: FOREIGN NATIONALITY | B29: 89 | N29: =SUM(B29:M29) -> 0
A30: TOTAL PHILIPPINE RESIDENTS | B30: =SUM(B28:B29) -> 0 | C30: =SUM(C28:C29) -> 0 | D30: =SUM(D28:D29) -> 0 | E30: =SUM(E28:E29) -> 0 | F30: =SUM(F28:F29) -> 0 | G30: =SUM(G28:G29) -> 0 | H30: =SUM(H28:H29) -> 0 | I30: =SUM(I28:I29) -> 0 | ... M30: =SUM(M28:M29) -> 0 | N30: =SUM(B30:M30) -> 0
A32: NON-PHILIPPINE RESIDENTS
A34: ASIA
A35: ASEAN
A36: BRUNEI | B36: 77 | N36: =SUM(B36:M36) -> 0
A37: CAMBODIA | B37: 73 | N37: =SUM(B37:M37) -> 0
A38: INDONESIA | B38: 80 | N38: =SUM(B38:M38) -> 0
A39: LAOS | B39: 78 | N39: =SUM(B39:M39) -> 0
A40: MALAYSIA | B40: 80 | N40: =SUM(B40:M40) -> 0
A41: MYANMAR | B41: 87 | N41: =SUM(B41:M41) -> 0
A42: SINGAPORE | B42: 58 | N42: =SUM(B42:M42) -> 0
A43: THAILAND | B43: 78 | N43: =SUM(B43:M43) -> 0
A44: VIETNAM | B44: 83 | N44: =SUM(B44:M44) -> 0
A45: SUB-TOTAL | B45: =SUM(B36:B44) -> 0 | C45: =SUM(C36:C44) -> 0 | D45: =SUM(D36:D44) -> 0 | E45: =SUM(E36:E44) -> 0 | F45: =SUM(F36:F44) -> 0 | G45: =SUM(G36:G44) -> 0 | H45: =SUM(H36:H44) -> 0 | I45: =SUM(I36:I44) -> 0 | ... M45: =SUM(M36:M44) -> 0 | N45: =SUM(B45:M45) -> 0
A47: EAST ASIA
A48: CHINA | B48: 79 | N48: =SUM(B48:M48) -> 0
A49: HONGKONG | B49: 89 | N49: =SUM(B49:M49) -> 0
A50: JAPAN | B50: 90 | N50: =SUM(B50:M50) -> 0
A51: KOREA | B51: 87 | N51: =SUM(B51:M51) -> 0
A52: TAIWAN | B52: 81 | N52: =SUM(B52:M52) -> 0
A53: SUB-TOTAL | B53: =SUM(B48:B52) -> 0 | C53: =SUM(C48:C52) -> 0 | D53: =SUM(D48:D52) -> 0 | E53: =SUM(E48:E52) -> 0 | F53: =SUM(F48:F52) -> 0 | G53: =SUM(G48:G52) -> 0 | H53: =SUM(H48:H52) -> 0 | I53: =SUM(I48:I52) -> 0 | ... M53: =SUM(M48:M52) -> 0 | N53: =SUM(B53:M53) -> 0
A55: SOUTH ASIA
A56: BANGLADESH | N56: =SUM(B56:M56) -> 0
A57: INDIA | N57: =SUM(B57:M57) -> 0
A58: IRAN | N58: =SUM(B58:M58) -> 0
A59: NEPAL | N59: =SUM(B59:M59) -> 0
A60: PAKISTAN | N60: =SUM(B60:M60) -> 0
A61: SRI LANKA | N61: =SUM(B61:M61) -> 0
A62: SUB-TOTAL | B62: =SUM(B56:B61) -> 0 | C62: =SUM(C56:C61) -> 0 | D62: =SUM(D56:D61) -> 0 | E62: =SUM(E56:E61) -> 0 | F62: =SUM(F56:F61) -> 0 | G62: =SUM(G56:G61) -> 0 | H62: =SUM(H56:H61) -> 0 | I62: =SUM(I56:I61) -> 0 | ... M62: =SUM(M56:M61) -> 0 | N62: =SUM(B62:M62) -> 0
A64: MIDDLE EAST
A65: BAHRAIN | N65: =SUM(B65:M65) -> 0
A66: EGYPT | N66: =SUM(B66:M66) -> 0
A67: ISRAEL | N67: =SUM(B67:M67) -> 0
A68: JORDAN | N68: =SUM(B68:M68) -> 0
A69: KUWAIT | N69: =SUM(B69:M69) -> 0
A70: SAUDI ARABIA | N70: =SUM(B70:M70) -> 0
A71: UNITED ARAB EMIRATES | N71: =SUM(B71:M71) -> 0
A72: SUB-TOTAL | B72: =SUM(B65:B71) -> 0 | C72: =SUM(C65:C71) -> 0 | D72: =SUM(D65:D71) -> 0 | E72: =SUM(E65:E71) -> 0 | F72: =SUM(F65:F71) -> 0 | G72: =SUM(G65:G71) -> 0 | H72: =SUM(H65:H71) -> 0 | I72: =SUM(I65:I71) -> 0 | ... M72: =SUM(M65:M71) -> 0 | N72: =SUM(B72:M72) -> 0
A74: COUNTRY OF RESIDENCE
A75: AMERICA
A76: NORTH AMERICA
A77: CANADA | B77: 71 | N77: =SUM(B77:M77) -> 0
A78: MEXICO | N78: =SUM(B78:M78) -> 0
A79: USA | B79: 76 | N79: =SUM(B79:M79) -> 0
A80: SUB-TOTAL | B80: =SUM(B77:B79) -> 0 | C80: =SUM(C77:C79) -> 0 | D80: =SUM(D77:D79) -> 0 | E80: =SUM(E77:E79) -> 0 | F80: =SUM(F77:F79) -> 0 | G80: =SUM(G77:G79) -> 0 | H80: =SUM(H77:H79) -> 0 | I80: =SUM(I77:I79) -> 0 | ... M80: =SUM(M77:M79) -> 0 | N80: =SUM(B80:M80) -> 0
A82: SOUTH AMERICA
A83: ARGENTINA | N83: =SUM(B83:M83) -> 0
A84: BRAZIL | N84: =SUM(B84:M84) -> 0
A85: COLOMBIA | N85: =SUM(B85:M85) -> 0
A86: PERU | N86: =SUM(B86:M86) -> 0
A87: VENEZUELA | N87: =SUM(B87:M87) -> 0
A88: SUB-TOTAL | B88: =SUM(B83:B87) -> 0 | C88: =SUM(C83:C87) -> 0 | D88: =SUM(D83:D87) -> 0 | E88: =SUM(E83:E87) -> 0 | F88: =SUM(F83:F87) -> 0 | G88: =SUM(G83:G87) -> 0 | H88: =SUM(H83:H87) -> 0 | I88: =SUM(I83:I87) -> 0 | ... M88: =SUM(M83:M87) -> 0 | N88: =SUM(B88:M88) -> 0
A90: EUROPE
A91: WESTERN EUROPE
A92: AUSTRIA | N92: =SUM(B92:M92) -> 0
A93: BELGIUM | N93: =SUM(B93:M93) -> 0
A94: FRANCE | B94: 57 | N94: =SUM(B94:M94) -> 0
A95: GERMANY | B95: 74 | N95: =SUM(B95:M95) -> 0
A96: LUXEMBOURG | N96: =SUM(B96:M96) -> 0
A97: NETHERLANDS | N97: =SUM(B97:M97) -> 0
A98: SWITZERLAND | N98: =SUM(B98:M98) -> 0
A99: SUB-TOTAL | B99: =SUM(B92:B98) -> 0 | C99: =SUM(C92:C98) -> 0 | D99: =SUM(D92:D98) -> 0 | E99: =SUM(E92:E98) -> 0 | F99: =SUM(F92:F98) -> 0 | G99: =SUM(G92:G98) -> 0 | H99: =SUM(H92:H98) -> 0 | I99: =SUM(I92:I98) -> 0 | ... M99: =SUM(M92:M98) -> 0 | N99: =SUM(B99:M99) -> 0
A101: NORTHERN EUROPE
A102: DENMARK | N102: =SUM(B102:M102) -> 0
A103: FINLAND | N103: =SUM(B103:M103) -> 0
A104: IRELAND | N104: =SUM(B104:M104) -> 0
A105: NORWAY | N105: =SUM(B105:M105) -> 0
A106: SWEDEN | N106: =SUM(B106:M106) -> 0
A107: UNITED KINGDOM | B107: 86 | N107: =SUM(B107:M107) -> 0
A108: SUB-TOTAL | B108: =SUM(B102:B107) -> 0 | C108: =SUM(C102:C107) -> 0 | D108: =SUM(D102:D107) -> 0 | E108: =SUM(E102:E107) -> 0 | F108: =SUM(F102:F107) -> 0 | G108: =SUM(G102:G107) -> 0 | H108: =SUM(H102:H107) -> 0 | I108: =SUM(I102:I107) -> 0 | ... M108: =SUM(M102:M107) -> 0 | N108: =SUM(B108:M108) -> 0
A110: SOUTHERN EUROPE
A111: GREECE | N111: =SUM(B111:M111) -> 0
A112: ITALY | N112: =SUM(B112:M112) -> 0
A113: PORTUGAL | N113: =SUM(B113:M113) -> 0
A114: SPAIN | N114: =SUM(B114:M114) -> 0
A115: UNION OF SERBIA AND MONTENEGRO | N115: =SUM(B115:M115) -> 0
A116: SUB-TOTAL | B116: =SUM(B111:B115) -> 0 | C116: =SUM(C111:C115) -> 0 | D116: =SUM(D111:D115) -> 0 | E116: =SUM(E111:E115) -> 0 | F116: =SUM(F111:F115) -> 0 | G116: =SUM(G111:G115) -> 0 | H116: =SUM(H111:H115) -> 0 | I116: =SUM(I111:I115) -> 0 | ... M116: =SUM(M111:M115) -> 0 | N116: =SUM(B116:M116) -> 0
A118: EASTERN EUROPE
A119: COMMONWEALTH OF INDEPENDENT STATES | N119: =SUM(B119:M119) -> 0
...
